"","scientificName","year","indicator","lon","lat"
"506","Mionectes macconnelli",2021,TRUE,-69.11701,-12.107287
"519","Mionectes macconnelli",2021,TRUE,-69.941154,-13.034843
"561","Mionectes macconnelli",2021,TRUE,-69.48945,-12.861573
"565","Mionectes macconnelli",2021,TRUE,-69.48945,-12.861573
"568","Mionectes macconnelli",2021,TRUE,-69.48945,-12.861573
"574","Mionectes macconnelli",2021,TRUE,-69.48945,-12.861573
"576","Mionectes macconnelli",2021,TRUE,-70.722305,-12.337929
"577","Mionectes macconnelli",2021,TRUE,-70.722305,-12.337929
"587","Mionectes macconnelli",2021,TRUE,-70.722305,-12.337929
"596","Mionectes macconnelli",2021,TRUE,-69.48945,-12.861573
"670","Mionectes macconnelli",2021,TRUE,-70.722305,-12.337929
"673","Mionectes macconnelli",2021,TRUE,-70.722305,-12.337929
"710","Mionectes macconnelli",2020,TRUE,-69.48945,-12.861573
"711","Mionectes macconnelli",2020,TRUE,-69.48945,-12.861573
"713","Mionectes macconnelli",2020,TRUE,-70.722305,-12.337929
"715","Mionectes macconnelli",2020,TRUE,-70.722305,-12.337929
"717","Mionectes macconnelli",2020,TRUE,-69.48945,-12.861573
"719","Mionectes macconnelli",2020,TRUE,-69.45775,-12.850758
"721","Mionectes macconnelli",2020,TRUE,-69.45775,-12.850758
"722","Mionectes macconnelli",2020,TRUE,-69.45775,-12.850758
"723","Mionectes macconnelli",2020,TRUE,-69.45775,-12.850758
"724","Mionectes macconnelli",2020,TRUE,-69.45775,-12.850758
"726","Mionectes macconnelli",2020,TRUE,-69.45775,-12.850758
"727","Mionectes macconnelli",2020,TRUE,-69.45775,-12.850758
"730","Mionectes macconnelli",2020,TRUE,-69.45775,-12.850758
"732","Mionectes macconnelli",2020,TRUE,-69.45775,-12.850758
"735","Mionectes macconnelli",2020,TRUE,-69.45775,-12.850758
"743","Mionectes macconnelli",2020,TRUE,-69.48945,-12.861573
"744","Mionectes macconnelli",2020,TRUE,-69.48945,-12.861573
"804","Mionectes macconnelli",2020,TRUE,-70.722305,-12.337929
"805","Mionectes macconnelli",2020,TRUE,-70.722305,-12.337929
"806","Mionectes macconnelli",2020,TRUE,-70.722305,-12.337929
"852","Mionectes macconnelli",2019,TRUE,-69.61086,-13.134195
"855","Mionectes macconnelli",2019,TRUE,-69.61086,-13.134195
"863","Mionectes macconnelli",2019,TRUE,-69.48945,-12.861573
"865","Mionectes macconnelli",2019,TRUE,-69.48945,-12.861573
"872","Mionectes macconnelli",2019,TRUE,-69.48775,-12.859983
"874","Mionectes macconnelli",2019,TRUE,-69.48775,-12.859983
"875","Mionectes macconnelli",2019,TRUE,-70.10015,-12.569249
"879","Mionectes macconnelli",2019,TRUE,-69.48945,-12.861573
"880","Mionectes macconnelli",2019,TRUE,-69.48945,-12.861573
"886","Mionectes macconnelli",2019,TRUE,-69.48945,-12.861573
"890","Mionectes macconnelli",2019,TRUE,-69.48945,-12.861573
"891","Mionectes macconnelli",2019,TRUE,-69.48945,-12.861573
"892","Mionectes macconnelli",2019,TRUE,-69.48945,-12.861573
"895","Mionectes macconnelli",2019,TRUE,-69.48945,-12.861573
"896","Mionectes macconnelli",2019,TRUE,-69.48945,-12.861573
"897","Mionectes macconnelli",2019,TRUE,-69.48945,-12.861573
"901","Mionectes macconnelli",2019,TRUE,-69.48945,-12.861573
"902","Mionectes macconnelli",2019,TRUE,-68.97784,-12.524335
"906","Mionectes macconnelli",2019,TRUE,-71.39136,-12.78927
"909","Mionectes macconnelli",2019,TRUE,-71.39136,-12.78927
"921","Mionectes macconnelli",2019,TRUE,-69.51738,-12.933845
"935","Mionectes macconnelli",2019,TRUE,-69.51738,-12.933845
"936","Mionectes macconnelli",2019,TRUE,-69.51738,-12.933845
"938","Mionectes macconnelli",2019,TRUE,-69.51738,-12.933845
"939","Mionectes macconnelli",2019,TRUE,-69.51738,-12.933845
"941","Mionectes macconnelli",2019,TRUE,-69.51738,-12.933845
"944","Mionectes macconnelli",2019,TRUE,-69.51738,-12.933845
"949","Mionectes macconnelli",2019,TRUE,-69.515564,-12.931824
"953","Mionectes macconnelli",2019,TRUE,-69.5156,-12.93173
"962","Mionectes macconnelli",2019,TRUE,-69.515564,-12.931824
"968","Mionectes macconnelli",2019,TRUE,-69.03245,-12.60614
"997","Mionectes macconnelli",2019,TRUE,-70.100044,-12.569192
"2134","Pseudotriccus simplex",1985,TRUE,-71.36978,-12.55918
"2135","Pseudotriccus simplex",1985,TRUE,-71.36978,-12.55918
"3662","Poecilotriccus albifacies",2021,TRUE,-70.722305,-12.337929
"3663","Poecilotriccus albifacies",2021,TRUE,-70.722305,-12.337929
"3677","Poecilotriccus albifacies",2020,TRUE,-70.722305,-12.337929
"3678","Poecilotriccus albifacies",2020,TRUE,-69.61086,-13.134195
"3679","Poecilotriccus albifacies",2020,TRUE,-69.61086,-13.134195
"3680","Poecilotriccus albifacies",2020,TRUE,-70.722305,-12.337929
"3682","Poecilotriccus albifacies",2020,TRUE,-71.40795,-11.888369
"3684","Poecilotriccus albifacies",2020,TRUE,-71.40795,-11.888369
"3687","Poecilotriccus albifacies",2020,TRUE,-71.40795,-11.888369
"3688","Poecilotriccus albifacies",2020,TRUE,-71.40795,-11.888369
"3690","Poecilotriccus albifacies",2020,TRUE,-71.40795,-11.888369
"3693","Poecilotriccus albifacies",2020,TRUE,-71.40795,-11.888369
"3695","Poecilotriccus albifacies",2020,TRUE,-71.40795,-11.888369
"3696","Poecilotriccus albifacies",2020,TRUE,-71.40795,-11.888369
"3697","Poecilotriccus albifacies",2020,TRUE,-71.40795,-11.888369
"3698","Poecilotriccus albifacies",2020,TRUE,-71.40795,-11.888369
"3699","Poecilotriccus albifacies",2020,TRUE,-71.40795,-11.888369
"3700","Poecilotriccus albifacies",2020,TRUE,-71.40795,-11.888369
"3720","Poecilotriccus albifacies",2019,TRUE,-69.61086,-13.134195
"3723","Poecilotriccus albifacies",2019,TRUE,-69.611305,-13.134061
"3724","Poecilotriccus albifacies",2019,TRUE,-71.40795,-11.888369
"3725","Poecilotriccus albifacies",2019,TRUE,-71.40795,-11.888369
"3729","Poecilotriccus albifacies",2019,TRUE,-71.40795,-11.888369
"3730","Poecilotriccus albifacies",2019,TRUE,-70.10028,-12.569224
"3731","Poecilotriccus albifacies",2019,TRUE,-71.40795,-11.888369
"3734","Poecilotriccus albifacies",2019,TRUE,-70.10028,-12.569224
"3735","Poecilotriccus albifacies",2019,TRUE,-69.61103,-13.134309
"3737","Poecilotriccus albifacies",2019,TRUE,-70.10028,-12.569224
"3738","Poecilotriccus albifacies",2019,TRUE,-70.7064,-12.35545
"3739","Poecilotriccus albifacies",2019,TRUE,-69.61086,-13.134195
"3740","Poecilotriccus albifacies",2019,TRUE,-70.10028,-12.569224
"3741","Poecilotriccus albifacies",2019,TRUE,-70.10028,-12.569224
"3743","Poecilotriccus albifacies",2019,TRUE,-69.61086,-13.134195
"3746","Poecilotriccus albifacies",2019,TRUE,-70.10028,-12.569224
"3762","Poecilotriccus albifacies",2019,TRUE,-69.304565,-11.480506
"3772","Poecilotriccus albifacies",2019,TRUE,-71.364746,-12.813518
"3782","Poecilotriccus albifacies",2018,TRUE,-71.40008,-12.87321
"3789","Poecilotriccus albifacies",2018,TRUE,-69.61086,-13.134195
"3791","Poecilotriccus albifacies",2018,TRUE,-70.10028,-12.569224
"3793","Poecilotriccus albifacies",2018,TRUE,-69.61086,-13.134195
"3794","Poecilotriccus albifacies",2018,TRUE,-71.39136,-12.78927
"3795","Poecilotriccus albifacies",2018,TRUE,-69.61086,-13.134195
"3797","Poecilotriccus albifacies",2018,TRUE,-71.39136,-12.78927
"3798","Poecilotriccus albifacies",2018,TRUE,-70.10028,-12.569224
"3800","Poecilotriccus albifacies",2018,TRUE,-71.39136,-12.78927
"3815","Poecilotriccus albifacies",2018,TRUE,-69.40266,-12.825122
"3817","Poecilotriccus albifacies",2018,TRUE,-69.40266,-12.825122
"3820","Poecilotriccus albifacies",2018,TRUE,-69.61086,-13.134195
"3836","Poecilotriccus albifacies",2018,TRUE,-70.10028,-12.569224
"3843","Poecilotriccus albifacies",2018,TRUE,-69.61086,-13.134195
"3852","Poecilotriccus albifacies",2018,TRUE,-69.40266,-12.825122
"3853","Poecilotriccus albifacies",2018,TRUE,-69.40266,-12.825122
"3857","Poecilotriccus albifacies",2017,TRUE,-69.03245,-12.60614
"3858","Poecilotriccus albifacies",2017,TRUE,-69.03245,-12.60614
"3859","Poecilotriccus albifacies",2017,TRUE,-69.21738,-11.884685
"3860","Poecilotriccus albifacies",2017,TRUE,-71.39136,-12.78927
"3861","Poecilotriccus albifacies",2017,TRUE,-71.40795,-11.888369
"3862","Poecilotriccus albifacies",2017,TRUE,-71.40795,-11.888369
"3863","Poecilotriccus albifacies",2017,TRUE,-71.40795,-11.888369
"3864","Poecilotriccus albifacies",2017,TRUE,-71.39136,-12.78927
"3867","Poecilotriccus albifacies",2017,TRUE,-71.40795,-11.888369
"3868","Poecilotriccus albifacies",2017,TRUE,-71.40795,-11.888369
"3870","Poecilotriccus albifacies",2017,TRUE,-71.39136,-12.78927
"3871","Poecilotriccus albifacies",2017,TRUE,-70.100105,-12.569107
"3879","Poecilotriccus albifacies",2017,TRUE,-69.0392,-12.606668
"3893","Poecilotriccus albifacies",2017,TRUE,-69.27086,-12.936307
"3894","Poecilotriccus albifacies",2017,TRUE,-69.61086,-13.134195
"3895","Poecilotriccus albifacies",2017,TRUE,-69.40266,-12.825122
"3901","Poecilotriccus albifacies",2017,TRUE,-69.3334,-12.7859
"3902","Poecilotriccus albifacies",2017,TRUE,-71.40791,-12.585644
"3904","Poecilotriccus albifacies",2017,TRUE,-71.40791,-12.585644
"3907","Poecilotriccus albifacies",2017,TRUE,-70.704666,-12.426638
"3908","Poecilotriccus albifacies",2017,TRUE,-71.40791,-12.585644
"3910","Poecilotriccus albifacies",2017,TRUE,-69.3222,-12.78642
"3911","Poecilotriccus albifacies",2017,TRUE,-69.61086,-13.134195
"3912","Poecilotriccus albifacies",2017,TRUE,-69.61627,-13.146903
"3913","Poecilotriccus albifacies",2017,TRUE,-69.61086,-13.134195
"3916","Poecilotriccus albifacies",2017,TRUE,-69.61086,-13.134195
"3919","Poecilotriccus albifacies",2017,TRUE,-69.61086,-13.134195
"3944","Poecilotriccus albifacies",2016,TRUE,-70.10028,-12.569224
"3945","Poecilotriccus albifacies",2016,TRUE,-70.10028,-12.569224
"3948","Poecilotriccus albifacies",2016,TRUE,-71.24016,-12.632298
"3950","Poecilotriccus albifacies",2016,TRUE,-70.722305,-12.337929
"3951","Poecilotriccus albifacies",2016,TRUE,-70.722305,-12.337929
"3957","Poecilotriccus albifacies",2016,TRUE,-70.72238,-12.33664
"3960","Poecilotriccus albifacies",2016,TRUE,-71.37564,-12.87021
"3962","Poecilotriccus albifacies",2016,TRUE,-71.40791,-12.585644
"3966","Poecilotriccus albifacies",2016,TRUE,-70.72185,-12.338272
"3967","Poecilotriccus albifacies",2016,TRUE,-70.722305,-12.337929
"3969","Poecilotriccus albifacies",2016,TRUE,-70.72185,-12.338272
"3970","Poecilotriccus albifacies",2016,TRUE,-69.61087,-13.134021
"3973","Poecilotriccus albifacies",2015,TRUE,-71.24016,-12.632298
"3974","Poecilotriccus albifacies",2015,TRUE,-71.24016,-12.632298
"3975","Poecilotriccus albifacies",2015,TRUE,-71.24016,-12.632298
"3978","Poecilotriccus albifacies",2015,TRUE,-69.33866,-12.790586
"3979","Poecilotriccus albifacies",2015,TRUE,-70.10028,-12.569224
"3983","Poecilotriccus albifacies",2015,TRUE,-71.24016,-12.632298
"3985","Poecilotriccus albifacies",2015,TRUE,-71.24016,-12.632298
"3986","Poecilotriccus albifacies",2015,TRUE,-69.299515,-12.801805
"3987","Poecilotriccus albifacies",2015,TRUE,-69.299515,-12.801805
"3988","Poecilotriccus albifacies",2015,TRUE,-69.299515,-12.801805
"3989","Poecilotriccus albifacies",2015,TRUE,-69.299515,-12.801805
"3990","Poecilotriccus albifacies",2015,TRUE,-69.33866,-12.790586
"3998","Poecilotriccus albifacies",2015,TRUE,-71.24016,-12.632298
"3999","Poecilotriccus albifacies",2014,TRUE,-71.24016,-12.632298
"4000","Poecilotriccus albifacies",2014,TRUE,-71.24016,-12.632298
"4002","Poecilotriccus albifacies",2014,TRUE,-71.005,-12.994
"4005","Poecilotriccus albifacies",2014,TRUE,-71.24016,-12.632298
"4006","Poecilotriccus albifacies",2014,TRUE,-69.12735,-12.915824
"4008","Poecilotriccus albifacies",2014,TRUE,-71.24016,-12.632298
"4009","Poecilotriccus albifacies",2014,TRUE,-71.24016,-12.632298
"4010","Poecilotriccus albifacies",2014,TRUE,-71.24016,-12.632298
"4012","Poecilotriccus albifacies",2014,TRUE,-70.79933,-12.287004
"4013","Poecilotriccus albifacies",2014,TRUE,-70.79933,-12.287004
"4015","Poecilotriccus albifacies",2014,TRUE,-70.790474,-12.285653
"4016","Poecilotriccus albifacies",2014,TRUE,-70.72819,-12.405129
"4017","Poecilotriccus albifacies",2014,TRUE,-71.24016,-12.632298
"4018","Poecilotriccus albifacies",2013,TRUE,-70.75985,-12.30009
"4020","Poecilotriccus albifacies",2013,TRUE,-71.24016,-12.632298
"4021","Poecilotriccus albifacies",2013,TRUE,-71.23194,-12.652905
"4022","Poecilotriccus albifacies",2013,TRUE,-69.33866,-12.790586
"4023","Poecilotriccus albifacies",2013,TRUE,-69.67676,-12.046988
"4024","Poecilotriccus albifacies",2013,TRUE,-69.33866,-12.790586
"4025","Poecilotriccus albifacies",2013,TRUE,-70.98048,-12.223291
"4026","Poecilotriccus albifacies",2013,TRUE,-71.24016,-12.632298
"4028","Poecilotriccus albifacies",2013,TRUE,-71.24016,-12.632298
"4029","Poecilotriccus albifacies",2013,TRUE,-71.24016,-12.632298
"4030","Poecilotriccus albifacies",2013,TRUE,-71.24016,-12.632298
"4031","Poecilotriccus albifacies",2013,TRUE,-71.24016,-12.632298
"4032","Poecilotriccus albifacies",2013,TRUE,-71.24016,-12.632298
"4033","Poecilotriccus albifacies",2013,TRUE,-71.24016,-12.632298
"4034","Poecilotriccus albifacies",2013,TRUE,-71.24016,-12.632298
"4035","Poecilotriccus albifacies",2013,TRUE,-71.24016,-12.632298
"4036","Poecilotriccus albifacies",2013,TRUE,-71.24016,-12.632298
"4037","Poecilotriccus albifacies",2013,TRUE,-70.722305,-12.337929
"4038","Poecilotriccus albifacies",2013,TRUE,-71.24016,-12.632298
"4039","Poecilotriccus albifacies",2013,TRUE,-71.24016,-12.632298
"4040","Poecilotriccus albifacies",2013,TRUE,-71.24016,-12.632298
"4041","Poecilotriccus albifacies",2013,TRUE,-71.24016,-12.632298
"4042","Poecilotriccus albifacies",2013,TRUE,-71.24016,-12.632298
"4043","Poecilotriccus albifacies",2013,TRUE,-71.23078,-12.65622
"4044","Poecilotriccus albifacies",2013,TRUE,-71.24016,-12.632298
"4045","Poecilotriccus albifacies",2013,TRUE,-71.24016,-12.632298
"4046","Poecilotriccus albifacies",2013,TRUE,-71.24016,-12.632298
"4047","Poecilotriccus albifacies",2013,TRUE,-71.24016,-12.632298
"4048","Poecilotriccus albifacies",2012,TRUE,-71.24016,-12.632298
"4049","Poecilotriccus albifacies",2012,TRUE,-70.728096,-12.324741
"4050","Poecilotriccus albifacies",2012,TRUE,-70.72174,-12.333964
"4051","Poecilotriccus albifacies",2012,TRUE,-71.24016,-12.632298
"4052","Poecilotriccus albifacies",2012,TRUE,-71.24016,-12.632298
"4053","Poecilotriccus albifacies",2012,TRUE,-70.96665,-12.20058
"4058","Poecilotriccus albifacies",2012,TRUE,-71.13292,-12.080846
"4059","Poecilotriccus albifacies",2012,TRUE,-71.13292,-12.080846
"4060","Poecilotriccus albifacies",2012,TRUE,-71.13292,-12.080846
"4061","Poecilotriccus albifacies",2012,TRUE,-71.13292,-12.080846
"4062","Poecilotriccus albifacies",2012,TRUE,-70.98039,-12.223495
"4064","Poecilotriccus albifacies",2012,TRUE,-69.2999,-12.802443
"4066","Poecilotriccus albifacies",2011,TRUE,-69.2999,-12.802443
"4067","Poecilotriccus albifacies",2011,TRUE,-71.11931,-12.431883
"4070","Poecilotriccus albifacies",2011,TRUE,-71.39259,-12.834119
"4071","Poecilotriccus albifacies",2011,TRUE,-70.79933,-12.287004
"4072","Poecilotriccus albifacies",2011,TRUE,-69.53333,-11.4
"4073","Poecilotriccus albifacies",2011,TRUE,-69.53333,-11.4
"4075","Poecilotriccus albifacies",2010,TRUE,-69.33866,-12.790586
"4076","Poecilotriccus albifacies",2010,TRUE,-70.7064,-12.35545
"4077","Poecilotriccus albifacies",2010,TRUE,-71.24016,-12.632298
"4078","Poecilotriccus albifacies",2010,TRUE,-71.24016,-12.632298
"4079","Poecilotriccus albifacies",2010,TRUE,-69.2999,-12.802443
"4080","Poecilotriccus albifacies",2010,TRUE,-69.2999,-12.802443
"4081","Poecilotriccus albifacies",2010,TRUE,-70.7064,-12.35545
"4082","Poecilotriccus albifacies",2010,TRUE,-69.2999,-12.802443
"4083","Poecilotriccus albifacies",2010,TRUE,-71.24016,-12.632298
"4084","Poecilotriccus albifacies",2010,TRUE,-71.24016,-12.632298
"4085","Poecilotriccus albifacies",2009,TRUE,-70.87177,-12.268554
"4086","Poecilotriccus albifacies",2009,TRUE,-71.38092,-12.704651
"4087","Poecilotriccus albifacies",2009,TRUE,-69.2999,-12.802443
"4088","Poecilotriccus albifacies",2009,TRUE,-69.58461,-13.077347
"4089","Poecilotriccus albifacies",2009,TRUE,-71.24016,-12.632298
"4090","Poecilotriccus albifacies",2009,TRUE,-69.33866,-12.790586
"4091","Poecilotriccus albifacies",2009,TRUE,-69.2999,-12.802443
"4092","Poecilotriccus albifacies",2009,TRUE,-71.24016,-12.632298
"4093","Poecilotriccus albifacies",2009,TRUE,-71.233333,-12.65
"4094","Poecilotriccus albifacies",2009,TRUE,-70.8,-12.3
"4095","Poecilotriccus albifacies",2009,TRUE,-71.233333,-12.65
"4096","Poecilotriccus albifacies",2009,TRUE,-71.233333,-12.65
"4097","Poecilotriccus albifacies",2009,TRUE,-71.233333,-12.65
"4098","Poecilotriccus albifacies",2009,TRUE,-70.8,-12.3
"4099","Poecilotriccus albifacies",2009,TRUE,-70.8,-12.3
"4100","Poecilotriccus albifacies",2009,TRUE,-70.79933,-12.287004
"4101","Poecilotriccus albifacies",2009,TRUE,-71.24016,-12.632298
"4102","Poecilotriccus albifacies",2009,TRUE,-71.24016,-12.632298
"4103","Poecilotriccus albifacies",2009,TRUE,-70.722305,-12.337929
"4104","Poecilotriccus albifacies",2009,TRUE,-70.79933,-12.287004
"4105","Poecilotriccus albifacies",2009,TRUE,-70.79933,-12.287004
"4106","Poecilotriccus albifacies",2009,TRUE,-69.30127,-12.809672
"4107","Poecilotriccus albifacies",2009,TRUE,-69.30127,-12.809672
"4109","Poecilotriccus albifacies",2009,TRUE,-69.2999,-12.802443
"4110","Poecilotriccus albifacies",2009,TRUE,-71.24016,-12.632298
"4111","Poecilotriccus albifacies",2009,TRUE,-70.79933,-12.287004
"4112","Poecilotriccus albifacies",2009,TRUE,-70.79933,-12.287004
"4113","Poecilotriccus albifacies",2008,TRUE,-71.38888,-12.826447
"4114","Poecilotriccus albifacies",2008,TRUE,-71.24016,-12.632298
"4115","Poecilotriccus albifacies",2008,TRUE,-69.2999,-12.802443
"4116","Poecilotriccus albifacies",2008,TRUE,-69.2999,-12.802443
"4117","Poecilotriccus albifacies",2008,TRUE,-69.2999,-12.802443
"4118","Poecilotriccus albifacies",2008,TRUE,-69.2999,-12.802443
"4119","Poecilotriccus albifacies",2008,TRUE,-71.36632,-12.8955
"4121","Poecilotriccus albifacies",2008,TRUE,-69.25883,-12.780341
"4122","Poecilotriccus albifacies",2008,TRUE,-71.24016,-12.632298
"4123","Poecilotriccus albifacies",2008,TRUE,-69.2999,-12.802443
"4124","Poecilotriccus albifacies",2008,TRUE,-69.2999,-12.802443
"4125","Poecilotriccus albifacies",2008,TRUE,-69.2999,-12.802443
"4126","Poecilotriccus albifacies",2007,TRUE,-71.24016,-12.632298
"4127","Poecilotriccus albifacies",2007,TRUE,-71.24016,-12.632298
"4128","Poecilotriccus albifacies",2007,TRUE,-70.10028,-12.569224
"4129","Poecilotriccus albifacies",2007,TRUE,-71.24016,-12.632298
"4130","Poecilotriccus albifacies",2007,TRUE,-70.79315,-12.281637
"4131","Poecilotriccus albifacies",2007,TRUE,-70.79315,-12.281637
"4132","Poecilotriccus albifacies",2007,TRUE,-70.7064,-12.35545
"4133","Poecilotriccus albifacies",2007,TRUE,-70.70425,-12.444278
"4134","Poecilotriccus albifacies",2007,TRUE,-71.24016,-12.632298
"4135","Poecilotriccus albifacies",2007,TRUE,-70.79933,-12.287004
"4136","Poecilotriccus albifacies",2006,TRUE,-71.24016,-12.632298
"4137","Poecilotriccus albifacies",2006,TRUE,-69.40917,-12.875066
"4138","Poecilotriccus albifacies",2006,TRUE,-71.24472,-12.6525
"4139","Poecilotriccus albifacies",2006,TRUE,-71.24472,-12.6525
"4140","Poecilotriccus albifacies",2006,TRUE,-70.7064,-12.35545
"4141","Poecilotriccus albifacies",2006,TRUE,-70.898766,-12.285011
"4142","Poecilotriccus albifacies",2006,TRUE,-70.66754,-12.443217
"4143","Poecilotriccus albifacies",2006,TRUE,-71.24016,-12.632298
"4144","Poecilotriccus albifacies",2006,TRUE,-71.24016,-12.632298
"4145","Poecilotriccus albifacies",2006,TRUE,-71.24016,-12.632298
"4146","Poecilotriccus albifacies",2006,TRUE,-71.24016,-12.632298
"4147","Poecilotriccus albifacies",2006,TRUE,-70.7064,-12.35545
"4148","Poecilotriccus albifacies",2006,TRUE,-70.79933,-12.287004
"4149","Poecilotriccus albifacies",2006,TRUE,-70.722305,-12.337929
"4150","Poecilotriccus albifacies",2006,TRUE,-71.238976,-11.986977
"4151","Poecilotriccus albifacies",2006,TRUE,-69.2999,-12.802443
"4152","Poecilotriccus albifacies",2006,TRUE,-69.2999,-12.802443
"4162","Poecilotriccus albifacies",2021,TRUE,-70.722305,-12.337929
"4163","Poecilotriccus albifacies",2021,TRUE,-70.722305,-12.337929
"4177","Poecilotriccus albifacies",2020,TRUE,-70.722305,-12.337929
"4178","Poecilotriccus albifacies",2020,TRUE,-69.61086,-13.134195
"4179","Poecilotriccus albifacies",2020,TRUE,-69.61086,-13.134195
"4180","Poecilotriccus albifacies",2020,TRUE,-70.722305,-12.337929
"4182","Poecilotriccus albifacies",2020,TRUE,-71.40795,-11.888369
"4184","Poecilotriccus albifacies",2020,TRUE,-71.40795,-11.888369
"4187","Poecilotriccus albifacies",2020,TRUE,-71.40795,-11.888369
"4188","Poecilotriccus albifacies",2020,TRUE,-71.40795,-11.888369
"4190","Poecilotriccus albifacies",2020,TRUE,-71.40795,-11.888369
"4193","Poecilotriccus albifacies",2020,TRUE,-71.40795,-11.888369
"4195","Poecilotriccus albifacies",2020,TRUE,-71.40795,-11.888369
"4196","Poecilotriccus albifacies",2020,TRUE,-71.40795,-11.888369
"4197","Poecilotriccus albifacies",2020,TRUE,-71.40795,-11.888369
"4198","Poecilotriccus albifacies",2020,TRUE,-71.40795,-11.888369
"4199","Poecilotriccus albifacies",2020,TRUE,-71.40795,-11.888369
"4200","Poecilotriccus albifacies",2020,TRUE,-71.40795,-11.888369
"4220","Poecilotriccus albifacies",2019,TRUE,-69.61086,-13.134195
"4223","Poecilotriccus albifacies",2019,TRUE,-69.611305,-13.134061
"4224","Poecilotriccus albifacies",2019,TRUE,-71.40795,-11.888369
"4225","Poecilotriccus albifacies",2019,TRUE,-71.40795,-11.888369
"4229","Poecilotriccus albifacies",2019,TRUE,-71.40795,-11.888369
"4230","Poecilotriccus albifacies",2019,TRUE,-70.10028,-12.569224
"4231","Poecilotriccus albifacies",2019,TRUE,-71.40795,-11.888369
"4234","Poecilotriccus albifacies",2019,TRUE,-70.10028,-12.569224
"4235","Poecilotriccus albifacies",2019,TRUE,-69.61103,-13.134309
"4237","Poecilotriccus albifacies",2019,TRUE,-70.10028,-12.569224
"4238","Poecilotriccus albifacies",2019,TRUE,-70.7064,-12.35545
"4239","Poecilotriccus albifacies",2019,TRUE,-69.61086,-13.134195
"4240","Poecilotriccus albifacies",2019,TRUE,-70.10028,-12.569224
"4241","Poecilotriccus albifacies",2019,TRUE,-70.10028,-12.569224
"4243","Poecilotriccus albifacies",2019,TRUE,-69.61086,-13.134195
"4246","Poecilotriccus albifacies",2019,TRUE,-70.10028,-12.569224
"4262","Poecilotriccus albifacies",2019,TRUE,-69.304565,-11.480506
"4272","Poecilotriccus albifacies",2019,TRUE,-71.364746,-12.813518
"4282","Poecilotriccus albifacies",2018,TRUE,-71.40008,-12.87321
"4289","Poecilotriccus albifacies",2018,TRUE,-69.61086,-13.134195
"4291","Poecilotriccus albifacies",2018,TRUE,-70.10028,-12.569224
"4293","Poecilotriccus albifacies",2018,TRUE,-69.61086,-13.134195
"4294","Poecilotriccus albifacies",2018,TRUE,-71.39136,-12.78927
"4295","Poecilotriccus albifacies",2018,TRUE,-69.61086,-13.134195
"4297","Poecilotriccus albifacies",2018,TRUE,-71.39136,-12.78927
"4298","Poecilotriccus albifacies",2018,TRUE,-70.10028,-12.569224
"4300","Poecilotriccus albifacies",2018,TRUE,-71.39136,-12.78927
"4315","Poecilotriccus albifacies",2018,TRUE,-69.40266,-12.825122
"4317","Poecilotriccus albifacies",2018,TRUE,-69.40266,-12.825122
"4320","Poecilotriccus albifacies",2018,TRUE,-69.61086,-13.134195
"4336","Poecilotriccus albifacies",2018,TRUE,-70.10028,-12.569224
"4343","Poecilotriccus albifacies",2018,TRUE,-69.61086,-13.134195
"4352","Poecilotriccus albifacies",2018,TRUE,-69.40266,-12.825122
"4353","Poecilotriccus albifacies",2018,TRUE,-69.40266,-12.825122
"4357","Poecilotriccus albifacies",2017,TRUE,-69.03245,-12.60614
"4358","Poecilotriccus albifacies",2017,TRUE,-69.03245,-12.60614
"4359","Poecilotriccus albifacies",2017,TRUE,-69.21738,-11.884685
"4360","Poecilotriccus albifacies",2017,TRUE,-71.39136,-12.78927
"4361","Poecilotriccus albifacies",2017,TRUE,-71.40795,-11.888369
"4362","Poecilotriccus albifacies",2017,TRUE,-71.40795,-11.888369
"4363","Poecilotriccus albifacies",2017,TRUE,-71.40795,-11.888369
"4364","Poecilotriccus albifacies",2017,TRUE,-71.39136,-12.78927
"4367","Poecilotriccus albifacies",2017,TRUE,-71.40795,-11.888369
"4368","Poecilotriccus albifacies",2017,TRUE,-71.40795,-11.888369
"4370","Poecilotriccus albifacies",2017,TRUE,-71.39136,-12.78927
"4371","Poecilotriccus albifacies",2017,TRUE,-70.100105,-12.569107
"4379","Poecilotriccus albifacies",2017,TRUE,-69.0392,-12.606668
"4393","Poecilotriccus albifacies",2017,TRUE,-69.27086,-12.936307
"4394","Poecilotriccus albifacies",2017,TRUE,-69.61086,-13.134195
"4395","Poecilotriccus albifacies",2017,TRUE,-69.40266,-12.825122
"4401","Poecilotriccus albifacies",2017,TRUE,-69.3334,-12.7859
"4402","Poecilotriccus albifacies",2017,TRUE,-71.40791,-12.585644
"4404","Poecilotriccus albifacies",2017,TRUE,-71.40791,-12.585644
"4407","Poecilotriccus albifacies",2017,TRUE,-70.704666,-12.426638
"4408","Poecilotriccus albifacies",2017,TRUE,-71.40791,-12.585644
"4410","Poecilotriccus albifacies",2017,TRUE,-69.3222,-12.78642
"4411","Poecilotriccus albifacies",2017,TRUE,-69.61086,-13.134195
"4412","Poecilotriccus albifacies",2017,TRUE,-69.61627,-13.146903
"4413","Poecilotriccus albifacies",2017,TRUE,-69.61086,-13.134195
"4416","Poecilotriccus albifacies",2017,TRUE,-69.61086,-13.134195
"4419","Poecilotriccus albifacies",2017,TRUE,-69.61086,-13.134195
"4444","Poecilotriccus albifacies",2016,TRUE,-70.10028,-12.569224
"4445","Poecilotriccus albifacies",2016,TRUE,-70.10028,-12.569224
"4448","Poecilotriccus albifacies",2016,TRUE,-71.24016,-12.632298
"4450","Poecilotriccus albifacies",2016,TRUE,-70.722305,-12.337929
"4451","Poecilotriccus albifacies",2016,TRUE,-70.722305,-12.337929
"4457","Poecilotriccus albifacies",2016,TRUE,-70.72238,-12.33664
"4460","Poecilotriccus albifacies",2016,TRUE,-71.37564,-12.87021
"4462","Poecilotriccus albifacies",2016,TRUE,-71.40791,-12.585644
"4466","Poecilotriccus albifacies",2016,TRUE,-70.72185,-12.338272
"4467","Poecilotriccus albifacies",2016,TRUE,-70.722305,-12.337929
"4469","Poecilotriccus albifacies",2016,TRUE,-70.72185,-12.338272
"4470","Poecilotriccus albifacies",2016,TRUE,-69.61087,-13.134021
"4473","Poecilotriccus albifacies",2015,TRUE,-71.24016,-12.632298
"4474","Poecilotriccus albifacies",2015,TRUE,-71.24016,-12.632298
"4475","Poecilotriccus albifacies",2015,TRUE,-71.24016,-12.632298
"4478","Poecilotriccus albifacies",2015,TRUE,-69.33866,-12.790586
"4479","Poecilotriccus albifacies",2015,TRUE,-70.10028,-12.569224
"4483","Poecilotriccus albifacies",2015,TRUE,-71.24016,-12.632298
"4485","Poecilotriccus albifacies",2015,TRUE,-71.24016,-12.632298
"4486","Poecilotriccus albifacies",2015,TRUE,-69.299515,-12.801805
"4487","Poecilotriccus albifacies",2015,TRUE,-69.299515,-12.801805
"4488","Poecilotriccus albifacies",2015,TRUE,-69.299515,-12.801805
"4489","Poecilotriccus albifacies",2015,TRUE,-69.299515,-12.801805
"4490","Poecilotriccus albifacies",2015,TRUE,-69.33866,-12.790586
"4498","Poecilotriccus albifacies",2015,TRUE,-71.24016,-12.632298
"4499","Poecilotriccus albifacies",2014,TRUE,-71.24016,-12.632298
"4500","Poecilotriccus albifacies",2014,TRUE,-71.24016,-12.632298
"4502","Poecilotriccus albifacies",2014,TRUE,-71.005,-12.994
"4505","Poecilotriccus albifacies",2014,TRUE,-71.24016,-12.632298
"4506","Poecilotriccus albifacies",2014,TRUE,-69.12735,-12.915824
"4508","Poecilotriccus albifacies",2014,TRUE,-71.24016,-12.632298
"4509","Poecilotriccus albifacies",2014,TRUE,-71.24016,-12.632298
"4510","Poecilotriccus albifacies",2014,TRUE,-71.24016,-12.632298
"4512","Poecilotriccus albifacies",2014,TRUE,-70.79933,-12.287004
"4513","Poecilotriccus albifacies",2014,TRUE,-70.79933,-12.287004
"4515","Poecilotriccus albifacies",2014,TRUE,-70.790474,-12.285653
"4516","Poecilotriccus albifacies",2014,TRUE,-70.72819,-12.405129
"4517","Poecilotriccus albifacies",2014,TRUE,-71.24016,-12.632298
"4518","Poecilotriccus albifacies",2013,TRUE,-70.75985,-12.30009
"4520","Poecilotriccus albifacies",2013,TRUE,-71.24016,-12.632298
"4521","Poecilotriccus albifacies",2013,TRUE,-71.23194,-12.652905
"4522","Poecilotriccus albifacies",2013,TRUE,-69.33866,-12.790586
"4523","Poecilotriccus albifacies",2013,TRUE,-69.67676,-12.046988
"4524","Poecilotriccus albifacies",2013,TRUE,-69.33866,-12.790586
"4525","Poecilotriccus albifacies",2013,TRUE,-70.98048,-12.223291
"4526","Poecilotriccus albifacies",2013,TRUE,-71.24016,-12.632298
"4528","Poecilotriccus albifacies",2013,TRUE,-71.24016,-12.632298
"4529","Poecilotriccus albifacies",2013,TRUE,-71.24016,-12.632298
"4530","Poecilotriccus albifacies",2013,TRUE,-71.24016,-12.632298
"4531","Poecilotriccus albifacies",2013,TRUE,-71.24016,-12.632298
"4532","Poecilotriccus albifacies",2013,TRUE,-71.24016,-12.632298
"4533","Poecilotriccus albifacies",2013,TRUE,-71.24016,-12.632298
"4534","Poecilotriccus albifacies",2013,TRUE,-71.24016,-12.632298
"4535","Poecilotriccus albifacies",2013,TRUE,-71.24016,-12.632298
"4536","Poecilotriccus albifacies",2013,TRUE,-71.24016,-12.632298
"4537","Poecilotriccus albifacies",2013,TRUE,-70.722305,-12.337929
"4538","Poecilotriccus albifacies",2013,TRUE,-71.24016,-12.632298
"4539","Poecilotriccus albifacies",2013,TRUE,-71.24016,-12.632298
"4540","Poecilotriccus albifacies",2013,TRUE,-71.24016,-12.632298
"4541","Poecilotriccus albifacies",2013,TRUE,-71.24016,-12.632298
"4542","Poecilotriccus albifacies",2013,TRUE,-71.24016,-12.632298
"4543","Poecilotriccus albifacies",2013,TRUE,-71.23078,-12.65622
"4544","Poecilotriccus albifacies",2013,TRUE,-71.24016,-12.632298
"4545","Poecilotriccus albifacies",2013,TRUE,-71.24016,-12.632298
"4546","Poecilotriccus albifacies",2013,TRUE,-71.24016,-12.632298
"4547","Poecilotriccus albifacies",2013,TRUE,-71.24016,-12.632298
"4548","Poecilotriccus albifacies",2012,TRUE,-71.24016,-12.632298
"4549","Poecilotriccus albifacies",2012,TRUE,-70.728096,-12.324741
"4550","Poecilotriccus albifacies",2012,TRUE,-70.72174,-12.333964
"4551","Poecilotriccus albifacies",2012,TRUE,-71.24016,-12.632298
"4552","Poecilotriccus albifacies",2012,TRUE,-71.24016,-12.632298
"4553","Poecilotriccus albifacies",2012,TRUE,-70.96665,-12.20058
"4558","Poecilotriccus albifacies",2012,TRUE,-71.13292,-12.080846
"4559","Poecilotriccus albifacies",2012,TRUE,-71.13292,-12.080846
"4560","Poecilotriccus albifacies",2012,TRUE,-71.13292,-12.080846
"4561","Poecilotriccus albifacies",2012,TRUE,-71.13292,-12.080846
"4562","Poecilotriccus albifacies",2012,TRUE,-70.98039,-12.223495
"4564","Poecilotriccus albifacies",2012,TRUE,-69.2999,-12.802443
"4566","Poecilotriccus albifacies",2011,TRUE,-69.2999,-12.802443
"4567","Poecilotriccus albifacies",2011,TRUE,-71.11931,-12.431883
"4570","Poecilotriccus albifacies",2011,TRUE,-71.39259,-12.834119
"4571","Poecilotriccus albifacies",2011,TRUE,-70.79933,-12.287004
"4572","Poecilotriccus albifacies",2011,TRUE,-69.53333,-11.4
"4573","Poecilotriccus albifacies",2011,TRUE,-69.53333,-11.4
"4575","Poecilotriccus albifacies",2010,TRUE,-69.33866,-12.790586
"4576","Poecilotriccus albifacies",2010,TRUE,-70.7064,-12.35545
"4577","Poecilotriccus albifacies",2010,TRUE,-71.24016,-12.632298
"4578","Poecilotriccus albifacies",2010,TRUE,-71.24016,-12.632298
"4579","Poecilotriccus albifacies",2010,TRUE,-69.2999,-12.802443
"4580","Poecilotriccus albifacies",2010,TRUE,-69.2999,-12.802443
"4581","Poecilotriccus albifacies",2010,TRUE,-70.7064,-12.35545
"4582","Poecilotriccus albifacies",2010,TRUE,-69.2999,-12.802443
"4583","Poecilotriccus albifacies",2010,TRUE,-71.24016,-12.632298
"4584","Poecilotriccus albifacies",2010,TRUE,-71.24016,-12.632298
"4585","Poecilotriccus albifacies",2009,TRUE,-70.87177,-12.268554
"4586","Poecilotriccus albifacies",2009,TRUE,-71.38092,-12.704651
"4587","Poecilotriccus albifacies",2009,TRUE,-69.2999,-12.802443
"4588","Poecilotriccus albifacies",2009,TRUE,-69.58461,-13.077347
"4589","Poecilotriccus albifacies",2009,TRUE,-71.24016,-12.632298
"4590","Poecilotriccus albifacies",2009,TRUE,-69.33866,-12.790586
"4591","Poecilotriccus albifacies",2009,TRUE,-69.2999,-12.802443
"4592","Poecilotriccus albifacies",2009,TRUE,-71.24016,-12.632298
"4593","Poecilotriccus albifacies",2009,TRUE,-71.233333,-12.65
"4594","Poecilotriccus albifacies",2009,TRUE,-70.8,-12.3
"4595","Poecilotriccus albifacies",2009,TRUE,-71.233333,-12.65
"4596","Poecilotriccus albifacies",2009,TRUE,-71.233333,-12.65
"4597","Poecilotriccus albifacies",2009,TRUE,-71.233333,-12.65
"4598","Poecilotriccus albifacies",2009,TRUE,-70.8,-12.3
"4599","Poecilotriccus albifacies",2009,TRUE,-70.8,-12.3
"4600","Poecilotriccus albifacies",2009,TRUE,-70.79933,-12.287004
"4601","Poecilotriccus albifacies",2009,TRUE,-71.24016,-12.632298
"4602","Poecilotriccus albifacies",2009,TRUE,-71.24016,-12.632298
"4603","Poecilotriccus albifacies",2009,TRUE,-70.722305,-12.337929
"4604","Poecilotriccus albifacies",2009,TRUE,-70.79933,-12.287004
"4605","Poecilotriccus albifacies",2009,TRUE,-70.79933,-12.287004
"4606","Poecilotriccus albifacies",2009,TRUE,-69.30127,-12.809672
"4607","Poecilotriccus albifacies",2009,TRUE,-69.30127,-12.809672
"4609","Poecilotriccus albifacies",2009,TRUE,-69.2999,-12.802443
"4610","Poecilotriccus albifacies",2009,TRUE,-71.24016,-12.632298
"4611","Poecilotriccus albifacies",2009,TRUE,-70.79933,-12.287004
"4612","Poecilotriccus albifacies",2009,TRUE,-70.79933,-12.287004
"4613","Poecilotriccus albifacies",2008,TRUE,-71.38888,-12.826447
"4614","Poecilotriccus albifacies",2008,TRUE,-71.24016,-12.632298
"4615","Poecilotriccus albifacies",2008,TRUE,-69.2999,-12.802443
"4616","Poecilotriccus albifacies",2008,TRUE,-69.2999,-12.802443
"4617","Poecilotriccus albifacies",2008,TRUE,-69.2999,-12.802443
"4618","Poecilotriccus albifacies",2008,TRUE,-69.2999,-12.802443
"4619","Poecilotriccus albifacies",2008,TRUE,-71.36632,-12.8955
"4621","Poecilotriccus albifacies",2008,TRUE,-69.25883,-12.780341
"4622","Poecilotriccus albifacies",2008,TRUE,-71.24016,-12.632298
"4623","Poecilotriccus albifacies",2008,TRUE,-69.2999,-12.802443
"4624","Poecilotriccus albifacies",2008,TRUE,-69.2999,-12.802443
"4625","Poecilotriccus albifacies",2008,TRUE,-69.2999,-12.802443
"4626","Poecilotriccus albifacies",2007,TRUE,-71.24016,-12.632298
"4627","Poecilotriccus albifacies",2007,TRUE,-71.24016,-12.632298
"4628","Poecilotriccus albifacies",2007,TRUE,-70.10028,-12.569224
"4629","Poecilotriccus albifacies",2007,TRUE,-71.24016,-12.632298
"4630","Poecilotriccus albifacies",2007,TRUE,-70.79315,-12.281637
"4631","Poecilotriccus albifacies",2007,TRUE,-70.79315,-12.281637
"4632","Poecilotriccus albifacies",2007,TRUE,-70.7064,-12.35545
"4633","Poecilotriccus albifacies",2007,TRUE,-70.70425,-12.444278
"4634","Poecilotriccus albifacies",2007,TRUE,-71.24016,-12.632298
"4635","Poecilotriccus albifacies",2007,TRUE,-70.79933,-12.287004
"4636","Poecilotriccus albifacies",2006,TRUE,-71.24016,-12.632298
"4637","Poecilotriccus albifacies",2006,TRUE,-69.40917,-12.875066
"4638","Poecilotriccus albifacies",2006,TRUE,-71.24472,-12.6525
"4639","Poecilotriccus albifacies",2006,TRUE,-71.24472,-12.6525
"4640","Poecilotriccus albifacies",2006,TRUE,-70.7064,-12.35545
"4641","Poecilotriccus albifacies",2006,TRUE,-70.898766,-12.285011
"4642","Poecilotriccus albifacies",2006,TRUE,-70.66754,-12.443217
"4643","Poecilotriccus albifacies",2006,TRUE,-71.24016,-12.632298
"4644","Poecilotriccus albifacies",2006,TRUE,-71.24016,-12.632298
"4645","Poecilotriccus albifacies",2006,TRUE,-71.24016,-12.632298
"4646","Poecilotriccus albifacies",2006,TRUE,-71.24016,-12.632298
"4647","Poecilotriccus albifacies",2006,TRUE,-70.7064,-12.35545
"4648","Poecilotriccus albifacies",2006,TRUE,-70.79933,-12.287004
"4649","Poecilotriccus albifacies",2006,TRUE,-70.722305,-12.337929
"4650","Poecilotriccus albifacies",2006,TRUE,-71.238976,-11.986977
"4651","Poecilotriccus albifacies",2006,TRUE,-69.2999,-12.802443
"4652","Poecilotriccus albifacies",2006,TRUE,-69.2999,-12.802443
"5180","Poecilotriccus latirostris",2021,TRUE,-69.19012,-12.633345
"5199","Poecilotriccus latirostris",2021,TRUE,-69.0448,-12.51909
"5244","Poecilotriccus latirostris",2021,TRUE,-69.0448,-12.51909
"5302","Poecilotriccus latirostris",2021,TRUE,-69.23435,-12.344222
"5309","Poecilotriccus latirostris",2021,TRUE,-69.14058,-12.590442
"5310","Poecilotriccus latirostris",2021,TRUE,-69.234634,-12.344118
"5322","Poecilotriccus latirostris",2021,TRUE,-71.37724,-12.829973
"5330","Poecilotriccus latirostris",2021,TRUE,-69.234634,-12.344118
"5338","Poecilotriccus latirostris",2021,TRUE,-69.19685,-12.506886
"5343","Poecilotriccus latirostris",2021,TRUE,-69.234634,-12.344118
"5355","Poecilotriccus latirostris",2021,TRUE,-69.234634,-12.344118
"5357","Poecilotriccus latirostris",2021,TRUE,-69.19685,-12.506886
"5358","Poecilotriccus latirostris",2021,TRUE,-69.234634,-12.344118
"5402","Poecilotriccus latirostris",2021,TRUE,-69.19678,-12.557364
"5409","Poecilotriccus latirostris",2021,TRUE,-69.17401,-12.641081
"5420","Poecilotriccus latirostris",2021,TRUE,-69.0448,-12.51909
"5424","Poecilotriccus latirostris",2021,TRUE,-69.941154,-13.034843
"5426","Poecilotriccus latirostris",2021,TRUE,-69.1518,-12.372838
"5436","Poecilotriccus latirostris",2021,TRUE,-69.0448,-12.51909
"5441","Poecilotriccus latirostris",2021,TRUE,-69.535416,-12.055731
"5442","Poecilotriccus latirostris",2021,TRUE,-69.15983,-12.668346
"5444","Poecilotriccus latirostris",2021,TRUE,-70.234055,-12.858816
"5448","Poecilotriccus latirostris",2021,TRUE,-69.5241,-12.053749
"5449","Poecilotriccus latirostris",2021,TRUE,-69.5241,-12.053749
"5457","Poecilotriccus latirostris",2021,TRUE,-69.535416,-12.055731
"5458","Poecilotriccus latirostris",2021,TRUE,-69.6183,-11.011021
"5460","Poecilotriccus latirostris",2021,TRUE,-69.6172,-10.99717
"5462","Poecilotriccus latirostris",2021,TRUE,-69.624176,-11.009849
"5463","Poecilotriccus latirostris",2021,TRUE,-69.63834,-11.023345
"5464","Poecilotriccus latirostris",2021,TRUE,-69.61553,-10.998701
"5465","Poecilotriccus latirostris",2021,TRUE,-69.62102,-10.995838
"5466","Poecilotriccus latirostris",2021,TRUE,-69.61553,-10.998701
"5467","Poecilotriccus latirostris",2021,TRUE,-69.62277,-10.994394
"5469","Poecilotriccus latirostris",2021,TRUE,-69.6183,-11.011021
"5470","Poecilotriccus latirostris",2021,TRUE,-69.61553,-10.998701
"5471","Poecilotriccus latirostris",2021,TRUE,-69.15983,-12.668346
"5472","Poecilotriccus latirostris",2021,TRUE,-69.62195,-11.013774
"5473","Poecilotriccus latirostris",2021,TRUE,-69.941154,-13.034843
"5474","Poecilotriccus latirostris",2021,TRUE,-69.63535,-11.019531
"5475","Poecilotriccus latirostris",2021,TRUE,-69.624176,-11.009849
"5479","Poecilotriccus latirostris",2021,TRUE,-69.0448,-12.51909
"5480","Poecilotriccus latirostris",2021,TRUE,-69.0448,-12.51909
"5485","Poecilotriccus latirostris",2021,TRUE,-69.61947,-10.997503
"5486","Poecilotriccus latirostris",2021,TRUE,-69.535416,-12.055731
"5487","Poecilotriccus latirostris",2021,TRUE,-69.151,-12.373
"5496","Poecilotriccus latirostris",2021,TRUE,-69.61476,-11.00083
"5499","Poecilotriccus latirostris",2021,TRUE,-69.0448,-12.51909
"5502","Poecilotriccus latirostris",2021,TRUE,-69.62195,-11.013774
"5511","Poecilotriccus latirostris",2021,TRUE,-69.17001,-12.536943
"5512","Poecilotriccus latirostris",2021,TRUE,-69.61947,-10.997503
"5513","Poecilotriccus latirostris",2021,TRUE,-69.6172,-10.99717
"5514","Poecilotriccus latirostris",2021,TRUE,-69.61553,-10.998701
"5517","Poecilotriccus latirostris",2021,TRUE,-69.6172,-10.99717
"5518","Poecilotriccus latirostris",2021,TRUE,-69.63535,-11.019531
"5519","Poecilotriccus latirostris",2021,TRUE,-69.6172,-10.99717
"5520","Poecilotriccus latirostris",2021,TRUE,-69.61947,-10.997503
"5522","Poecilotriccus latirostris",2021,TRUE,-69.6183,-11.011021
"5523","Poecilotriccus latirostris",2021,TRUE,-69.62195,-11.013774
"5524","Poecilotriccus latirostris",2021,TRUE,-69.62181,-11.010411
"5525","Poecilotriccus latirostris",2021,TRUE,-69.616394,-11.009728
"5526","Poecilotriccus latirostris",2021,TRUE,-69.62181,-11.010411
"5527","Poecilotriccus latirostris",2021,TRUE,-69.62195,-11.013774
"5530","Poecilotriccus latirostris",2021,TRUE,-69.62936,-11.014111
"5532","Poecilotriccus latirostris",2021,TRUE,-69.61553,-10.998701
"5534","Poecilotriccus latirostris",2021,TRUE,-69.62181,-11.010411
"5535","Poecilotriccus latirostris",2021,TRUE,-69.61947,-10.997503
"5538","Poecilotriccus latirostris",2021,TRUE,-69.535416,-12.055731
"5542","Poecilotriccus latirostris",2021,TRUE,-69.62195,-11.013774
"5543","Poecilotriccus latirostris",2021,TRUE,-69.6183,-11.011021
"5544","Poecilotriccus latirostris",2021,TRUE,-69.62195,-11.013774
"5547","Poecilotriccus latirostris",2021,TRUE,-69.62181,-11.010411
"5551","Poecilotriccus latirostris",2021,TRUE,-69.61947,-10.997503
"5553","Poecilotriccus latirostris",2021,TRUE,-69.62195,-11.013774
"5554","Poecilotriccus latirostris",2021,TRUE,-70.149536,-11.294778
"5556","Poecilotriccus latirostris",2021,TRUE,-69.62195,-11.013774
"5560","Poecilotriccus latirostris",2021,TRUE,-69.63834,-11.023345
"5562","Poecilotriccus latirostris",2021,TRUE,-69.62102,-10.995838
"5563","Poecilotriccus latirostris",2021,TRUE,-69.63834,-11.023345
"5564","Poecilotriccus latirostris",2021,TRUE,-69.62019,-11.012299
"5565","Poecilotriccus latirostris",2021,TRUE,-69.61422,-11.008923
"5573","Poecilotriccus latirostris",2021,TRUE,-69.535416,-12.055731
"5576","Poecilotriccus latirostris",2021,TRUE,-69.5241,-12.053749
"5580","Poecilotriccus latirostris",2021,TRUE,-69.62936,-11.014111
"5581","Poecilotriccus latirostris",2021,TRUE,-69.61476,-11.00083
"5582","Poecilotriccus latirostris",2021,TRUE,-69.6183,-11.011021
"5584","Poecilotriccus latirostris",2021,TRUE,-69.27031,-12.621093
"5586","Poecilotriccus latirostris",2021,TRUE,-69.17129,-12.517257
"5596","Poecilotriccus latirostris",2021,TRUE,-69.93627,-13.037679
"5598","Poecilotriccus latirostris",2021,TRUE,-69.5241,-12.053749
"5600","Poecilotriccus latirostris",2021,TRUE,-69.5241,-12.053749
"5602","Poecilotriccus latirostris",2021,TRUE,-69.62019,-11.012299
"5604","Poecilotriccus latirostris",2021,TRUE,-69.6183,-11.011021
"5607","Poecilotriccus latirostris",2021,TRUE,-69.93627,-13.037679
"5611","Poecilotriccus latirostris",2021,TRUE,-69.62277,-10.994394
"5614","Poecilotriccus latirostris",2021,TRUE,-69.63834,-11.023345
"5615","Poecilotriccus latirostris",2021,TRUE,-69.15983,-12.668346
"5616","Poecilotriccus latirostris",2021,TRUE,-69.616394,-11.009728
"5617","Poecilotriccus latirostris",2021,TRUE,-69.61422,-11.008923
"5619","Poecilotriccus latirostris",2021,TRUE,-69.61553,-10.998701
"5622","Poecilotriccus latirostris",2021,TRUE,-69.52341,-12.054328
"5623","Poecilotriccus latirostris",2021,TRUE,-69.61947,-10.997503
"5624","Poecilotriccus latirostris",2021,TRUE,-69.0448,-12.51909
"5636","Poecilotriccus latirostris",2021,TRUE,-69.150795,-12.373388
"5639","Poecilotriccus latirostris",2021,TRUE,-68.815186,-12.516423
"5640","Poecilotriccus latirostris",2021,TRUE,-69.16857,-12.550302
"5644","Poecilotriccus latirostris",2021,TRUE,-69.13824,-12.462024
"5673","Todirostrum maculatum",2022,TRUE,-69.67087,-10.961135
"5700","Todirostrum maculatum",2021,TRUE,-69.19162,-12.643105
"5757","Todirostrum maculatum",2021,TRUE,-69.19012,-12.633345
"5777","Todirostrum maculatum",2021,TRUE,-69.17271,-12.593874
"5844","Todirostrum maculatum",2021,TRUE,-69.17271,-12.593874
"5986","Todirostrum maculatum",2021,TRUE,-68.815186,-12.516423
"6033","Todirostrum maculatum",2021,TRUE,-69.08029,-12.607384
"6077","Todirostrum maculatum",2021,TRUE,-69.19046,-12.604676
"6117","Todirostrum maculatum",2021,TRUE,-69.19046,-12.604676
"6158","Todirostrum chrysocrotaphum",2022,TRUE,-69.135697,-12.605017
"6169","Todirostrum chrysocrotaphum",2022,TRUE,-69.48958,-12.861388
"6170","Todirostrum chrysocrotaphum",2022,TRUE,-69.48958,-12.861388
"6171","Todirostrum chrysocrotaphum",2022,TRUE,-69.168295,-12.500725
"6172","Todirostrum chrysocrotaphum",2022,TRUE,-69.168295,-12.500725
"6180","Todirostrum chrysocrotaphum",2021,TRUE,-69.04305,-12.530376
"6222","Todirostrum chrysocrotaphum",2021,TRUE,-69.04305,-12.530376
"6261","Todirostrum chrysocrotaphum",2021,TRUE,-69.089035,-12.477251
"6264","Todirostrum chrysocrotaphum",2021,TRUE,-69.04497,-12.531019
"6273","Todirostrum chrysocrotaphum",2021,TRUE,-69.04454,-12.528606
"6278","Todirostrum chrysocrotaphum",2021,TRUE,-69.04454,-12.528606
"6292","Todirostrum chrysocrotaphum",2021,TRUE,-69.04497,-12.531019
"6329","Todirostrum chrysocrotaphum",2021,TRUE,-68.815186,-12.516423
"6354","Todirostrum chrysocrotaphum",2021,TRUE,-69.234634,-12.344118
"6495","Todirostrum chrysocrotaphum",2021,TRUE,-70.028755,-11.991348
"6560","Todirostrum chrysocrotaphum",2021,TRUE,-69.5241,-12.053749
"6572","Todirostrum chrysocrotaphum",2021,TRUE,-69.535416,-12.055731
"6573","Todirostrum chrysocrotaphum",2021,TRUE,-69.535416,-12.055731
"6577","Todirostrum chrysocrotaphum",2021,TRUE,-69.5241,-12.053749
"6588","Todirostrum chrysocrotaphum",2021,TRUE,-69.69813,-11.083057
"6591","Todirostrum chrysocrotaphum",2021,TRUE,-70.14906,-11.347393
"6592","Todirostrum chrysocrotaphum",2021,TRUE,-69.62102,-10.995838
"6594","Todirostrum chrysocrotaphum",2021,TRUE,-69.69508,-11.079984
"6595","Todirostrum chrysocrotaphum",2021,TRUE,-69.69813,-11.083057
"6596","Todirostrum chrysocrotaphum",2021,TRUE,-69.69962,-11.086388
"6598","Todirostrum chrysocrotaphum",2021,TRUE,-69.62277,-10.994394
"6599","Todirostrum chrysocrotaphum",2021,TRUE,-69.62277,-10.994394
"6600","Todirostrum chrysocrotaphum",2021,TRUE,-69.61947,-10.997503
"6604","Todirostrum chrysocrotaphum",2021,TRUE,-69.62102,-10.995838
"6607","Todirostrum chrysocrotaphum",2021,TRUE,-69.68425,-11.069462
"6609","Todirostrum chrysocrotaphum",2021,TRUE,-70.14149,-11.339917
"6610","Todirostrum chrysocrotaphum",2021,TRUE,-69.69508,-11.079984
"6614","Todirostrum chrysocrotaphum",2021,TRUE,-69.68766,-11.07519
"6615","Todirostrum chrysocrotaphum",2021,TRUE,-69.15773,-12.557788
"6629","Todirostrum chrysocrotaphum",2021,TRUE,-69.04602,-12.606297
"6638","Todirostrum chrysocrotaphum",2021,TRUE,-69.08897,-12.477399
"6641","Todirostrum chrysocrotaphum",2021,TRUE,-69.08897,-12.477399
"6644","Todirostrum chrysocrotaphum",2021,TRUE,-70.15016,-11.346869
"6649","Todirostrum chrysocrotaphum",2021,TRUE,-69.535416,-12.055731
"6652","Todirostrum chrysocrotaphum",2021,TRUE,-69.68766,-11.07519
"7347","Poecilotriccus pulchellus",2019,TRUE,-71.39136,-12.78927
"7362","Poecilotriccus pulchellus",2019,TRUE,-71.39136,-12.78927
"7514","Poecilotriccus pulchellus",2018,TRUE,-71.39136,-12.78927
"7517","Poecilotriccus pulchellus",2018,TRUE,-71.39136,-12.78927
"7518","Poecilotriccus pulchellus",2018,TRUE,-71.39136,-12.78927
"7521","Poecilotriccus pulchellus",2018,TRUE,-71.383644,-12.855714
"7527","Poecilotriccus pulchellus",2018,TRUE,-71.39136,-12.78927
"7538","Poecilotriccus pulchellus",2018,TRUE,-71.37564,-12.87021
"7539","Poecilotriccus pulchellus",2018,TRUE,-71.37564,-12.87021
"7566","Poecilotriccus pulchellus",2018,TRUE,-71.28288,-11.944952
"7581","Poecilotriccus pulchellus",2018,TRUE,-71.4069,-12.879036
"7583","Poecilotriccus pulchellus",2018,TRUE,-71.40717,-12.870054
"7621","Poecilotriccus pulchellus",2017,TRUE,-71.38529,-12.853964
"7622","Poecilotriccus pulchellus",2017,TRUE,-71.38529,-12.853964
"7656","Corythopis torquatus",2022,TRUE,-69.482613,-12.864278
"7657","Corythopis torquatus",2022,TRUE,-69.487288,-12.851363
"7658","Corythopis torquatus",2022,TRUE,-69.472119,-12.865503
"7665","Corythopis torquatus",2021,TRUE,-69.114655,-12.226011
"7679","Corythopis torquatus",2021,TRUE,-69.941154,-13.034843
"7687","Corythopis torquatus",2021,TRUE,-69.535416,-12.055731
"7689","Corythopis torquatus",2021,TRUE,-69.535416,-12.055731
"7691","Corythopis torquatus",2021,TRUE,-69.48945,-12.861573
"7692","Corythopis torquatus",2021,TRUE,-70.234055,-12.858816
"7693","Corythopis torquatus",2021,TRUE,-69.48945,-12.861573
"7694","Corythopis torquatus",2021,TRUE,-71.37494,-12.870947
"7697","Corythopis torquatus",2021,TRUE,-69.48945,-12.861573
"7701","Corythopis torquatus",2021,TRUE,-71.37494,-12.870947
"7702","Corythopis torquatus",2021,TRUE,-69.48593,-12.864214
"7703","Corythopis torquatus",2021,TRUE,-71.28288,-11.944952
"7704","Corythopis torquatus",2021,TRUE,-69.48945,-12.861573
"7705","Corythopis torquatus",2021,TRUE,-71.28288,-11.944952
"7707","Corythopis torquatus",2021,TRUE,-69.48945,-12.861573
"7708","Corythopis torquatus",2021,TRUE,-69.535416,-12.055731
"7709","Corythopis torquatus",2021,TRUE,-71.28288,-11.944952
"7711","Corythopis torquatus",2021,TRUE,-69.535416,-12.055731
"7713","Corythopis torquatus",2021,TRUE,-71.28288,-11.944952
"7714","Corythopis torquatus",2021,TRUE,-71.28288,-11.944952
"7715","Corythopis torquatus",2021,TRUE,-69.48945,-12.861573
"7717","Corythopis torquatus",2021,TRUE,-69.52341,-12.054328
"7718","Corythopis torquatus",2021,TRUE,-69.535416,-12.055731
"7719","Corythopis torquatus",2021,TRUE,-71.37494,-12.870947
"7720","Corythopis torquatus",2021,TRUE,-70.10028,-12.569224
"7722","Corythopis torquatus",2021,TRUE,-69.49921,-12.873428
"7724","Corythopis torquatus",2021,TRUE,-71.38529,-12.853964
"7725","Corythopis torquatus",2021,TRUE,-69.48945,-12.861573
"7727","Corythopis torquatus",2021,TRUE,-69.48945,-12.861573
"7728","Corythopis torquatus",2021,TRUE,-70.722305,-12.337929
"7729","Corythopis torquatus",2021,TRUE,-69.48593,-12.864214
"7730","Corythopis torquatus",2021,TRUE,-69.48593,-12.864214
"7731","Corythopis torquatus",2021,TRUE,-71.38529,-12.853964
"7733","Corythopis torquatus",2021,TRUE,-70.722305,-12.337929
"7734","Corythopis torquatus",2021,TRUE,-69.48945,-12.861573
"7736","Corythopis torquatus",2021,TRUE,-70.10028,-12.569224
"7737","Corythopis torquatus",2021,TRUE,-70.10028,-12.569224
"7738","Corythopis torquatus",2021,TRUE,-70.722305,-12.337929
"7739","Corythopis torquatus",2021,TRUE,-69.48593,-12.864214
"7740","Corythopis torquatus",2021,TRUE,-69.48945,-12.861573
"7741","Corythopis torquatus",2021,TRUE,-70.10028,-12.569224
"7744","Corythopis torquatus",2021,TRUE,-69.48593,-12.864214
"7745","Corythopis torquatus",2021,TRUE,-69.48593,-12.864214
"7748","Corythopis torquatus",2021,TRUE,-69.48945,-12.861573
"7749","Corythopis torquatus",2021,TRUE,-69.48593,-12.864214
"7750","Corythopis torquatus",2021,TRUE,-69.48593,-12.864214
"7752","Corythopis torquatus",2021,TRUE,-69.48945,-12.861573
"7753","Corythopis torquatus",2021,TRUE,-69.48945,-12.861573
"7754","Corythopis torquatus",2021,TRUE,-69.48945,-12.861573
"7755","Corythopis torquatus",2021,TRUE,-69.48945,-12.861573
"7756","Corythopis torquatus",2021,TRUE,-69.48945,-12.861573
"7757","Corythopis torquatus",2021,TRUE,-69.48945,-12.861573
"7758","Corythopis torquatus",2021,TRUE,-69.48945,-12.861573
"7760","Corythopis torquatus",2021,TRUE,-69.48945,-12.861573
"7763","Corythopis torquatus",2021,TRUE,-69.48945,-12.861573
"7765","Corythopis torquatus",2021,TRUE,-69.0392,-12.606668
"7766","Corythopis torquatus",2021,TRUE,-69.48945,-12.861573
"7767","Corythopis torquatus",2021,TRUE,-70.7064,-12.35545
"7777","Corythopis torquatus",2021,TRUE,-70.100235,-12.56915
"7779","Corythopis torquatus",2021,TRUE,-69.618576,-12.032316
"7789","Corythopis torquatus",2021,TRUE,-69.2934,-12.83692
"7790","Corythopis torquatus",2021,TRUE,-69.23649,-11.572495
"7791","Corythopis torquatus",2021,TRUE,-69.26938,-11.577148
"7794","Corythopis torquatus",2021,TRUE,-69.2934,-12.83692
"7796","Corythopis torquatus",2021,TRUE,-69.50106,-12.876321
"7797","Corythopis torquatus",2021,TRUE,-69.2999,-12.802443
"7803","Corythopis torquatus",2021,TRUE,-69.2934,-12.83692
"7804","Corythopis torquatus",2021,TRUE,-69.26938,-11.577148
"7810","Corythopis torquatus",2021,TRUE,-69.50106,-12.876321
"7813","Corythopis torquatus",2021,TRUE,-69.48945,-12.861573
"7815","Corythopis torquatus",2021,TRUE,-69.49921,-12.873428
"7817","Corythopis torquatus",2021,TRUE,-69.61086,-13.134195
"7819","Corythopis torquatus",2021,TRUE,-69.264824,-11.550795
"7822","Corythopis torquatus",2021,TRUE,-71.222565,-11.997766
"7824","Corythopis torquatus",2021,TRUE,-69.264824,-11.550795
"7827","Corythopis torquatus",2021,TRUE,-69.264824,-11.550795
"7828","Corythopis torquatus",2021,TRUE,-69.48945,-12.861573
"7830","Corythopis torquatus",2021,TRUE,-69.61086,-13.134195
"7833","Corythopis torquatus",2021,TRUE,-69.24386,-11.582739
"7838","Corythopis torquatus",2021,TRUE,-69.61086,-13.134195
"7839","Corythopis torquatus",2021,TRUE,-69.61086,-13.134195
"7840","Corythopis torquatus",2021,TRUE,-69.48945,-12.861573
"7841","Corythopis torquatus",2021,TRUE,-69.48945,-12.861573
"7842","Corythopis torquatus",2021,TRUE,-69.46915,-12.851636
"7844","Corythopis torquatus",2021,TRUE,-69.48945,-12.861573
"7845","Corythopis torquatus",2021,TRUE,-69.6764,-12.045998
"7847","Corythopis torquatus",2021,TRUE,-69.48945,-12.861573
"7848","Corythopis torquatus",2020,TRUE,-69.2934,-12.83692
"7849","Corythopis torquatus",2020,TRUE,-71.37564,-12.87021
"7850","Corythopis torquatus",2020,TRUE,-69.2934,-12.83692
"7852","Corythopis torquatus",2020,TRUE,-69.48945,-12.861573
"7853","Corythopis torquatus",2020,TRUE,-69.48945,-12.861573
"7855","Corythopis torquatus",2020,TRUE,-69.48945,-12.861573
"7863","Corythopis torquatus",2020,TRUE,-69.61086,-13.134195
"7864","Corythopis torquatus",2020,TRUE,-69.48945,-12.861573
"7865","Corythopis torquatus",2020,TRUE,-69.48945,-12.861573
"7866","Corythopis torquatus",2020,TRUE,-69.0696,-12.598548
"7868","Corythopis torquatus",2020,TRUE,-69.48945,-12.861573
"7869","Corythopis torquatus",2020,TRUE,-70.722305,-12.337929
"7870","Corythopis torquatus",2020,TRUE,-70.722305,-12.337929
"7872","Corythopis torquatus",2020,TRUE,-68.81929,-12.464261
"7873","Corythopis torquatus",2020,TRUE,-68.81929,-12.464261
"7874","Corythopis torquatus",2020,TRUE,-68.81929,-12.464261
"7875","Corythopis torquatus",2020,TRUE,-68.81929,-12.464261
"7876","Corythopis torquatus",2020,TRUE,-69.45775,-12.850758
"7877","Corythopis torquatus",2020,TRUE,-69.45775,-12.850758
"7878","Corythopis torquatus",2020,TRUE,-69.2999,-12.802443
"7879","Corythopis torquatus",2020,TRUE,-69.45775,-12.850758
"7880","Corythopis torquatus",2020,TRUE,-68.72528,-12.446656
"7881","Corythopis torquatus",2020,TRUE,-69.45775,-12.850758
"7882","Corythopis torquatus",2020,TRUE,-69.45775,-12.850758
"7883","Corythopis torquatus",2020,TRUE,-68.72528,-12.446656
"7884","Corythopis torquatus",2020,TRUE,-69.05129,-12.538752
"7885","Corythopis torquatus",2020,TRUE,-68.72528,-12.446656
"7886","Corythopis torquatus",2020,TRUE,-68.72528,-12.446656
"7887","Corythopis torquatus",2020,TRUE,-69.45775,-12.850758
"7888","Corythopis torquatus",2020,TRUE,-69.05129,-12.538752
"7889","Corythopis torquatus",2020,TRUE,-69.45775,-12.850758
"7890","Corythopis torquatus",2020,TRUE,-69.45775,-12.850758
"7891","Corythopis torquatus",2020,TRUE,-69.45775,-12.850758
"7892","Corythopis torquatus",2020,TRUE,-69.45775,-12.850758
"7893","Corythopis torquatus",2020,TRUE,-69.45775,-12.850758
"7895","Corythopis torquatus",2020,TRUE,-71.40795,-11.888369
"7900","Corythopis torquatus",2020,TRUE,-69.19236,-12.657232
"7901","Corythopis torquatus",2020,TRUE,-69.19236,-12.657232
"7902","Corythopis torquatus",2020,TRUE,-69.19205,-12.65717
"7903","Corythopis torquatus",2020,TRUE,-69.1924,-12.657203
"7904","Corythopis torquatus",2020,TRUE,-69.19236,-12.657232
"7907","Corythopis torquatus",2020,TRUE,-69.19205,-12.65717
"7908","Corythopis torquatus",2020,TRUE,-69.18902,-12.627158
"7909","Corythopis torquatus",2020,TRUE,-69.18902,-12.627158
"7910","Corythopis torquatus",2020,TRUE,-69.18902,-12.627158
"7914","Corythopis torquatus",2020,TRUE,-69.089035,-12.477251
"7915","Corythopis torquatus",2020,TRUE,-69.089035,-12.477251
"7916","Corythopis torquatus",2020,TRUE,-70.956726,-12.334845
"7918","Corythopis torquatus",2020,TRUE,-69.089035,-12.477251
"7921","Corythopis torquatus",2020,TRUE,-69.091965,-12.482911
"7922","Corythopis torquatus",2020,TRUE,-69.089035,-12.477251
"7925","Corythopis torquatus",2020,TRUE,-69.17422,-12.251993
"7928","Corythopis torquatus",2020,TRUE,-69.04305,-12.530376
"7929","Corythopis torquatus",2020,TRUE,-69.04454,-12.528606
"7930","Corythopis torquatus",2020,TRUE,-69.114655,-12.226011
"7931","Corythopis torquatus",2020,TRUE,-69.114655,-12.226011
"7932","Corythopis torquatus",2020,TRUE,-69.04454,-12.528606
"7933","Corythopis torquatus",2020,TRUE,-69.04454,-12.528606
"7934","Corythopis torquatus",2020,TRUE,-69.04454,-12.528606
"7936","Corythopis torquatus",2020,TRUE,-69.04454,-12.528606
"7937","Corythopis torquatus",2020,TRUE,-69.04454,-12.528606
"7939","Corythopis torquatus",2020,TRUE,-69.04305,-12.530376
"7944","Corythopis torquatus",2020,TRUE,-69.344345,-12.791591
"7946","Corythopis torquatus",2020,TRUE,-69.344345,-12.791591
"7949","Corythopis torquatus",2020,TRUE,-69.344345,-12.791591
"7950","Corythopis torquatus",2020,TRUE,-70.722305,-12.337929
"7951","Corythopis torquatus",2020,TRUE,-69.344345,-12.791591
"7952","Corythopis torquatus",2020,TRUE,-69.344345,-12.791591
"7954","Corythopis torquatus",2020,TRUE,-70.722305,-12.337929
"7955","Corythopis torquatus",2020,TRUE,-70.95674,-12.334385
"7956","Corythopis torquatus",2020,TRUE,-70.722305,-12.337929
"7957","Corythopis torquatus",2020,TRUE,-69.344345,-12.791591
"7958","Corythopis torquatus",2020,TRUE,-70.88949,-12.288079
"7961","Corythopis torquatus",2020,TRUE,-69.344345,-12.791591
"7962","Corythopis torquatus",2020,TRUE,-69.344345,-12.791591
"7965","Corythopis torquatus",2020,TRUE,-69.344345,-12.791591
"7967","Corythopis torquatus",2020,TRUE,-69.344345,-12.791591
"7968","Corythopis torquatus",2020,TRUE,-69.344345,-12.791591
"7971","Corythopis torquatus",2020,TRUE,-70.722305,-12.337929
"7978","Corythopis torquatus",2020,TRUE,-70.22209,-12.830974
"7983","Corythopis torquatus",2020,TRUE,-69.2934,-12.83692
"7988","Corythopis torquatus",2020,TRUE,-70.722305,-12.337929
"7990","Corythopis torquatus",2020,TRUE,-69.941154,-13.034843
"7994","Corythopis torquatus",2020,TRUE,-70.722305,-12.337929
"7996","Corythopis torquatus",2020,TRUE,-70.22209,-12.830974
"8001","Corythopis torquatus",2020,TRUE,-71.23695,-11.986259
"8003","Corythopis torquatus",2019,TRUE,-69.07849,-12.617532
"8005","Corythopis torquatus",2019,TRUE,-70.10028,-12.569224
"8006","Corythopis torquatus",2019,TRUE,-68.82521,-12.46375
"8009","Corythopis torquatus",2019,TRUE,-68.81929,-12.464261
"8010","Corythopis torquatus",2019,TRUE,-69.07801,-12.607198
"8012","Corythopis torquatus",2019,TRUE,-68.93749,-12.530015
"8014","Corythopis torquatus",2019,TRUE,-69.07849,-12.617532
"8023","Corythopis torquatus",2019,TRUE,-69.07801,-12.607198
"8026","Corythopis torquatus",2019,TRUE,-69.07801,-12.607198
"8029","Corythopis torquatus",2019,TRUE,-69.07849,-12.617532
"8030","Corythopis torquatus",2019,TRUE,-69.40266,-12.825122
"8031","Corythopis torquatus",2019,TRUE,-68.81791,-12.463017
"8033","Corythopis torquatus",2019,TRUE,-69.03245,-12.60614
"8037","Corythopis torquatus",2019,TRUE,-69.03245,-12.60614
"8047","Corythopis torquatus",2019,TRUE,-69.48945,-12.861573
"8050","Corythopis torquatus",2019,TRUE,-69.03245,-12.60614
"8051","Corythopis torquatus",2019,TRUE,-69.48945,-12.861573
"8058","Corythopis torquatus",2019,TRUE,-69.48945,-12.861573
"8059","Corythopis torquatus",2019,TRUE,-69.03245,-12.60614
"8060","Corythopis torquatus",2019,TRUE,-69.48945,-12.861573
"8064","Corythopis torquatus",2019,TRUE,-70.10015,-12.569249
"8068","Corythopis torquatus",2019,TRUE,-71.387886,-12.840305
"8069","Corythopis torquatus",2019,TRUE,-69.48945,-12.861573
"8072","Corythopis torquatus",2019,TRUE,-69.61086,-13.134195
"8073","Corythopis torquatus",2019,TRUE,-71.38092,-12.866364
"8074","Corythopis torquatus",2019,TRUE,-69.03245,-12.60614
"8076","Corythopis torquatus",2019,TRUE,-70.7064,-12.35545
"8077","Corythopis torquatus",2019,TRUE,-69.69023,-12.039801
"8078","Corythopis torquatus",2019,TRUE,-69.48945,-12.861573
"8079","Corythopis torquatus",2019,TRUE,-69.48945,-12.861573
"8080","Corythopis torquatus",2019,TRUE,-70.722305,-12.337929
"8081","Corythopis torquatus",2019,TRUE,-69.48945,-12.861573
"8083","Corythopis torquatus",2019,TRUE,-69.67656,-12.046506
"8084","Corythopis torquatus",2019,TRUE,-68.72528,-12.446656
"8086","Corythopis torquatus",2019,TRUE,-69.48945,-12.861573
"8087","Corythopis torquatus",2019,TRUE,-69.48945,-12.861573
"8088","Corythopis torquatus",2019,TRUE,-68.72528,-12.446656
"8090","Corythopis torquatus",2019,TRUE,-69.4096,-12.875353
"8091","Corythopis torquatus",2019,TRUE,-71.40795,-11.888369
"8092","Corythopis torquatus",2019,TRUE,-71.40795,-11.888369
"8095","Corythopis torquatus",2019,TRUE,-71.40795,-11.888369
"8097","Corythopis torquatus",2019,TRUE,-71.40795,-11.888369
"8098","Corythopis torquatus",2019,TRUE,-71.40795,-11.888369
"8099","Corythopis torquatus",2019,TRUE,-69.611305,-13.134061
"8100","Corythopis torquatus",2019,TRUE,-71.40795,-11.888369
"8101","Corythopis torquatus",2019,TRUE,-69.03245,-12.60614
"8102","Corythopis torquatus",2019,TRUE,-71.40795,-11.888369
"8105","Corythopis torquatus",2019,TRUE,-69.61036,-13.134375
"8106","Corythopis torquatus",2019,TRUE,-69.40266,-12.825122
"8109","Corythopis torquatus",2019,TRUE,-71.40795,-11.888369
"8110","Corythopis torquatus",2019,TRUE,-69.40266,-12.825122
"8113","Corythopis torquatus",2019,TRUE,-71.40795,-11.888369
"8116","Corythopis torquatus",2019,TRUE,-71.38092,-12.866364
"8117","Corythopis torquatus",2019,TRUE,-69.40917,-12.875066
"8122","Corythopis torquatus",2019,TRUE,-71.40795,-11.888369
"8126","Corythopis torquatus",2019,TRUE,-70.10029,-12.569298
"8127","Corythopis torquatus",2019,TRUE,-71.40795,-11.888369
"8129","Corythopis torquatus",2019,TRUE,-71.40795,-11.888369
"8132","Corythopis torquatus",2019,TRUE,-71.40795,-11.888369
"8134","Corythopis torquatus",2019,TRUE,-70.722305,-12.337929
"8135","Corythopis torquatus",2019,TRUE,-71.40795,-11.888369
"8137","Corythopis torquatus",2019,TRUE,-70.10025,-12.580741
"8139","Corythopis torquatus",2019,TRUE,-71.40795,-11.888369
"8140","Corythopis torquatus",2019,TRUE,-69.40266,-12.825122
"8144","Corythopis torquatus",2019,TRUE,-71.37564,-12.87021
"8150","Corythopis torquatus",2019,TRUE,-69.61086,-13.134195
"8151","Corythopis torquatus",2019,TRUE,-71.40795,-11.888369
"8152","Corythopis torquatus",2019,TRUE,-71.379,-12.871098
"11194","Zimmerius cinereicapilla",2021,TRUE,-71.37564,-12.87021
"11196","Zimmerius cinereicapilla",2021,TRUE,-71.37564,-12.87021
"11197","Zimmerius cinereicapilla",2021,TRUE,-71.37564,-12.87021
"11220","Zimmerius cinereicapilla",2021,TRUE,-70.722305,-12.337929
"11221","Zimmerius cinereicapilla",2021,TRUE,-70.722305,-12.337929
"11223","Zimmerius cinereicapilla",2021,TRUE,-70.722305,-12.337929
"11274","Zimmerius cinereicapilla",2020,TRUE,-70.722305,-12.337929
"11275","Zimmerius cinereicapilla",2020,TRUE,-70.722305,-12.337929
"11278","Zimmerius cinereicapilla",2020,TRUE,-70.722305,-12.337929
"11279","Zimmerius cinereicapilla",2020,TRUE,-70.722305,-12.337929
"11281","Zimmerius cinereicapilla",2020,TRUE,-71.383644,-12.855714
"11322","Zimmerius cinereicapilla",2019,TRUE,-71.39097,-12.829518
"11370","Zimmerius cinereicapilla",2019,TRUE,-70.722305,-12.337929
"11447","Zimmerius cinereicapilla",2019,TRUE,-70.722305,-12.337929
"11467","Zimmerius cinereicapilla",2019,TRUE,-71.38556,-12.854027
"11468","Zimmerius cinereicapilla",2019,TRUE,-71.38556,-12.854027
"11470","Zimmerius cinereicapilla",2019,TRUE,-71.38556,-12.854027
"11480","Zimmerius cinereicapilla",2019,TRUE,-71.38556,-12.854027
"11499","Zimmerius cinereicapilla",2018,TRUE,-70.10028,-12.569224
"11500","Zimmerius cinereicapilla",2018,TRUE,-70.10028,-12.569224
"11501","Zimmerius cinereicapilla",2018,TRUE,-70.10028,-12.569224
"11516","Zimmerius cinereicapilla",2018,TRUE,-71.379,-12.871098
"11549","Zimmerius cinereicapilla",2018,TRUE,-70.722305,-12.337929
"11550","Zimmerius cinereicapilla",2018,TRUE,-70.722305,-12.337929
"11552","Zimmerius cinereicapilla",2018,TRUE,-70.722305,-12.337929
"11554","Zimmerius cinereicapilla",2018,TRUE,-71.383644,-12.855714
"12170","Ornithion inerme",2021,TRUE,-69.04831,-12.534315
"12171","Ornithion inerme",2021,TRUE,-69.53652,-12.408889
"12173","Ornithion inerme",2021,TRUE,-69.04831,-12.534315
"12175","Ornithion inerme",2021,TRUE,-69.535324,-12.402232
"12184","Ornithion inerme",2021,TRUE,-69.5352,-12.402173
"12231","Ornithion inerme",2021,TRUE,-71.297646,-12.667894
"12247","Ornithion inerme",2021,TRUE,-69.089035,-12.477251
"12289","Ornithion inerme",2021,TRUE,-69.5241,-12.053749
"12291","Ornithion inerme",2021,TRUE,-69.535416,-12.055731
"12295","Ornithion inerme",2021,TRUE,-69.535416,-12.055731
"12299","Ornithion inerme",2021,TRUE,-69.69711,-11.081048
"12300","Ornithion inerme",2021,TRUE,-70.234055,-12.858816
"12301","Ornithion inerme",2021,TRUE,-69.5241,-12.053749
"12304","Ornithion inerme",2021,TRUE,-69.17226,-12.226475
"12305","Ornithion inerme",2021,TRUE,-70.148,-11.301227
"12313","Ornithion inerme",2021,TRUE,-69.69764,-11.085262
"12315","Ornithion inerme",2021,TRUE,-69.69711,-11.081048
"12316","Ornithion inerme",2021,TRUE,-69.5241,-12.053749
"12317","Ornithion inerme",2021,TRUE,-69.17226,-12.226475
"12318","Ornithion inerme",2021,TRUE,-69.17226,-12.226475
"12320","Ornithion inerme",2021,TRUE,-70.148,-11.301227
"12324","Ornithion inerme",2021,TRUE,-70.14312,-11.34149
"12326","Ornithion inerme",2021,TRUE,-69.08897,-12.477399
"12329","Ornithion inerme",2021,TRUE,-69.68766,-11.07519
"12334","Ornithion inerme",2021,TRUE,-70.1436,-11.343229
"12353","Ornithion inerme",2021,TRUE,-69.17226,-12.226475
"12354","Ornithion inerme",2021,TRUE,-69.535416,-12.055731
"12356","Ornithion inerme",2021,TRUE,-69.68766,-11.07519
"12365","Ornithion inerme",2021,TRUE,-69.68766,-11.07519
"12368","Ornithion inerme",2021,TRUE,-69.089035,-12.477251
"12369","Ornithion inerme",2021,TRUE,-69.69508,-11.079984
"12370","Ornithion inerme",2021,TRUE,-70.1436,-11.343229
"12376","Ornithion inerme",2021,TRUE,-69.48945,-12.861573
"12378","Ornithion inerme",2021,TRUE,-69.08897,-12.477399
"12380","Ornithion inerme",2021,TRUE,-69.52341,-12.054328
"12381","Ornithion inerme",2021,TRUE,-69.535416,-12.055731
"12382","Ornithion inerme",2021,TRUE,-69.52341,-12.054328
"12384","Ornithion inerme",2021,TRUE,-69.70174,-11.087273
"12386","Ornithion inerme",2021,TRUE,-69.68766,-11.07519
"12390","Ornithion inerme",2021,TRUE,-69.089035,-12.477251
"12395","Ornithion inerme",2021,TRUE,-69.68706,-11.072956
"12396","Ornithion inerme",2021,TRUE,-69.70174,-11.087273
"12403","Ornithion inerme",2021,TRUE,-69.17226,-12.226475
"12410","Ornithion inerme",2021,TRUE,-69.535416,-12.055731
"12411","Ornithion inerme",2021,TRUE,-69.69764,-11.085262
"12412","Ornithion inerme",2021,TRUE,-69.5241,-12.053749
"12415","Ornithion inerme",2021,TRUE,-70.14312,-11.34149
"12416","Ornithion inerme",2021,TRUE,-70.148,-11.301227
"12419","Ornithion inerme",2021,TRUE,-69.68706,-11.072956
"12420","Ornithion inerme",2021,TRUE,-69.69508,-11.079984
"12421","Ornithion inerme",2021,TRUE,-69.5241,-12.053749
"12422","Ornithion inerme",2021,TRUE,-70.14929,-11.288705
"12424","Ornithion inerme",2021,TRUE,-69.089035,-12.477251
"12499","Ornithion inerme",2021,TRUE,-70.10028,-12.569224
"12508","Ornithion inerme",2021,TRUE,-70.10028,-12.569224
"12539","Ornithion inerme",2021,TRUE,-69.49648,-12.873594
"12576","Ornithion inerme",2021,TRUE,-69.49648,-12.873594
"12584","Ornithion inerme",2021,TRUE,-70.722305,-12.337929
"12622","Ornithion inerme",2021,TRUE,-71.38503,-12.854478
"12653","Ornithion inerme",2021,TRUE,-70.722305,-12.337929
"13465","Sublegatus modestus",2021,TRUE,-69.45775,-12.850758
"13566","Sublegatus modestus",2021,TRUE,-71.37724,-12.829973
"13571","Sublegatus modestus",2021,TRUE,-71.37564,-12.87021
"13603","Sublegatus modestus",2021,TRUE,-70.10028,-12.569224
"13965","Sublegatus modestus",2021,TRUE,-69.45775,-12.850758
"14066","Sublegatus modestus",2021,TRUE,-71.37724,-12.829973
"14071","Sublegatus modestus",2021,TRUE,-71.37564,-12.87021
"14103","Sublegatus modestus",2021,TRUE,-70.10028,-12.569224
"14185","Myiopagis gaimardii",2021,TRUE,-69.04454,-12.528606
"14240","Myiopagis gaimardii",2021,TRUE,-70.10028,-12.569224
"14250","Myiopagis gaimardii",2021,TRUE,-69.04454,-12.528606
"14257","Myiopagis gaimardii",2021,TRUE,-69.04454,-12.528606
"14285","Myiopagis gaimardii",2021,TRUE,-69.18995,-12.630532
"14289","Myiopagis gaimardii",2021,TRUE,-69.04454,-12.528606
"14302","Myiopagis gaimardii",2021,TRUE,-69.13024,-12.565193
"14335","Myiopagis gaimardii",2021,TRUE,-69.04454,-12.528606
"14341","Myiopagis gaimardii",2021,TRUE,-69.04328,-12.525399
"14345","Myiopagis gaimardii",2021,TRUE,-69.04454,-12.528606
"14348","Myiopagis gaimardii",2021,TRUE,-69.04328,-12.525399
"14353","Myiopagis gaimardii",2021,TRUE,-69.04328,-12.525399
"14355","Myiopagis gaimardii",2021,TRUE,-69.04328,-12.525399
"14567","Myiopagis gaimardii",2021,TRUE,-69.04454,-12.528606
"14586","Myiopagis gaimardii",2021,TRUE,-69.49545,-12.786898
"14615","Myiopagis gaimardii",2021,TRUE,-69.044235,-12.532759
"14621","Myiopagis gaimardii",2021,TRUE,-69.04454,-12.528606
"17651","Elaenia strepera",2018,TRUE,-69.04831,-12.534315
"17652","Elaenia strepera",2018,TRUE,-69.04831,-12.534315
"18151","Elaenia strepera",2018,TRUE,-69.04831,-12.534315
"18152","Elaenia strepera",2018,TRUE,-69.04831,-12.534315
"18185","Elaenia gigas",2021,TRUE,-71.37724,-12.829973
"18244","Elaenia gigas",2021,TRUE,-71.38529,-12.853964
"18277","Elaenia gigas",2021,TRUE,-71.37564,-12.87021
"18281","Elaenia gigas",2021,TRUE,-71.37564,-12.87021
"18284","Elaenia gigas",2021,TRUE,-71.39124,-12.79576
"18290","Elaenia gigas",2021,TRUE,-71.37564,-12.87021
"18294","Elaenia gigas",2021,TRUE,-70.100235,-12.56915
"18297","Elaenia gigas",2021,TRUE,-71.37564,-12.87021
"18305","Elaenia gigas",2021,TRUE,-71.37564,-12.87021
"18311","Elaenia gigas",2021,TRUE,-71.37564,-12.87021
"18342","Elaenia gigas",2021,TRUE,-71.37724,-12.829973
"18349","Elaenia gigas",2021,TRUE,-71.37724,-12.829973
"18357","Elaenia gigas",2021,TRUE,-71.38814,-12.820245
"18375","Elaenia gigas",2021,TRUE,-71.37724,-12.829973
"18410","Elaenia gigas",2021,TRUE,-71.39124,-12.79576
"18439","Elaenia gigas",2021,TRUE,-71.29653,-12.669546
"18524","Elaenia gigas",2021,TRUE,-71.36834,-12.808399
"23198","Inezia inornata",2021,TRUE,-68.97784,-12.524335
"23221","Inezia inornata",2021,TRUE,-69.33866,-12.790586
"23227","Inezia inornata",2021,TRUE,-69.941154,-13.034843
"23237","Inezia inornata",2021,TRUE,-69.15343,-12.695395
"23240","Inezia inornata",2021,TRUE,-69.14901,-12.69437
"23242","Inezia inornata",2021,TRUE,-69.17001,-12.536943
"23248","Inezia inornata",2021,TRUE,-69.15343,-12.695395
"23250","Inezia inornata",2021,TRUE,-69.27031,-12.621093
"23262","Inezia inornata",2021,TRUE,-69.48945,-12.861573
"23265","Inezia inornata",2021,TRUE,-69.48945,-12.861573
"23270","Inezia inornata",2021,TRUE,-69.45775,-12.850758
"23273","Inezia inornata",2021,TRUE,-69.01618,-12.526438
"23274","Inezia inornata",2021,TRUE,-70.2506,-12.945528
"23278","Inezia inornata",2021,TRUE,-69.20151,-12.603921
"23280","Inezia inornata",2021,TRUE,-69.48945,-12.861573
"23283","Inezia inornata",2021,TRUE,-69.45775,-12.850758
"23284","Inezia inornata",2021,TRUE,-69.1745,-12.59431
"23285","Inezia inornata",2021,TRUE,-69.48945,-12.861573
"23287","Inezia inornata",2021,TRUE,-70.01758,-12.648338
"23290","Inezia inornata",2021,TRUE,-68.815186,-12.516423
"23291","Inezia inornata",2021,TRUE,-69.174706,-12.594802
"23293","Inezia inornata",2021,TRUE,-69.49921,-12.873428
"23295","Inezia inornata",2021,TRUE,-69.17861,-12.598346
"23311","Inezia inornata",2021,TRUE,-70.10028,-12.569224
"23312","Inezia inornata",2021,TRUE,-69.17861,-12.598346
"23313","Inezia inornata",2021,TRUE,-68.81553,-12.516722
"23321","Inezia inornata",2021,TRUE,-69.48945,-12.861573
"23328","Inezia inornata",2021,TRUE,-70.70425,-12.444278
"23342","Inezia inornata",2021,TRUE,-69.61086,-13.134195
"23349","Inezia inornata",2021,TRUE,-71.37724,-12.829973
"23375","Inezia inornata",2021,TRUE,-71.37724,-12.829973
"23384","Inezia inornata",2021,TRUE,-71.37724,-12.829973
"23392","Inezia inornata",2021,TRUE,-70.70425,-12.444278
"23401","Inezia inornata",2021,TRUE,-71.37724,-12.829973
"23406","Inezia inornata",2021,TRUE,-71.37724,-12.829973
"23418","Inezia inornata",2021,TRUE,-70.70425,-12.444278
"23428","Inezia inornata",2021,TRUE,-70.70425,-12.444278
"23641","Inezia inornata",2020,TRUE,-70.8867,-12.284992
"23642","Inezia inornata",2020,TRUE,-69.20353,-12.579209
"23643","Inezia inornata",2020,TRUE,-69.18319,-12.653486
"23644","Inezia inornata",2020,TRUE,-70.8867,-12.284992
"23647","Inezia inornata",2020,TRUE,-69.20501,-12.58762
"23648","Inezia inornata",2020,TRUE,-69.22128,-12.585602
"23649","Inezia inornata",2020,TRUE,-69.197945,-12.60888
"23698","Inezia inornata",2021,TRUE,-68.97784,-12.524335
"23721","Inezia inornata",2021,TRUE,-69.33866,-12.790586
"23727","Inezia inornata",2021,TRUE,-69.941154,-13.034843
"23737","Inezia inornata",2021,TRUE,-69.15343,-12.695395
"23740","Inezia inornata",2021,TRUE,-69.14901,-12.69437
"23742","Inezia inornata",2021,TRUE,-69.17001,-12.536943
"23748","Inezia inornata",2021,TRUE,-69.15343,-12.695395
"23750","Inezia inornata",2021,TRUE,-69.27031,-12.621093
"23762","Inezia inornata",2021,TRUE,-69.48945,-12.861573
"23765","Inezia inornata",2021,TRUE,-69.48945,-12.861573
"23770","Inezia inornata",2021,TRUE,-69.45775,-12.850758
"23773","Inezia inornata",2021,TRUE,-69.01618,-12.526438
"23774","Inezia inornata",2021,TRUE,-70.2506,-12.945528
"23778","Inezia inornata",2021,TRUE,-69.20151,-12.603921
"23780","Inezia inornata",2021,TRUE,-69.48945,-12.861573
"23783","Inezia inornata",2021,TRUE,-69.45775,-12.850758
"23784","Inezia inornata",2021,TRUE,-69.1745,-12.59431
"23785","Inezia inornata",2021,TRUE,-69.48945,-12.861573
"23787","Inezia inornata",2021,TRUE,-70.01758,-12.648338
"23790","Inezia inornata",2021,TRUE,-68.815186,-12.516423
"23791","Inezia inornata",2021,TRUE,-69.174706,-12.594802
"23793","Inezia inornata",2021,TRUE,-69.49921,-12.873428
"23795","Inezia inornata",2021,TRUE,-69.17861,-12.598346
"23811","Inezia inornata",2021,TRUE,-70.10028,-12.569224
"23812","Inezia inornata",2021,TRUE,-69.17861,-12.598346
"23813","Inezia inornata",2021,TRUE,-68.81553,-12.516722
"23821","Inezia inornata",2021,TRUE,-69.48945,-12.861573
"23828","Inezia inornata",2021,TRUE,-70.70425,-12.444278
"23842","Inezia inornata",2021,TRUE,-69.61086,-13.134195
"23849","Inezia inornata",2021,TRUE,-71.37724,-12.829973
"23875","Inezia inornata",2021,TRUE,-71.37724,-12.829973
"23884","Inezia inornata",2021,TRUE,-71.37724,-12.829973
"23892","Inezia inornata",2021,TRUE,-70.70425,-12.444278
"23901","Inezia inornata",2021,TRUE,-71.37724,-12.829973
"23906","Inezia inornata",2021,TRUE,-71.37724,-12.829973
"23918","Inezia inornata",2021,TRUE,-70.70425,-12.444278
"23928","Inezia inornata",2021,TRUE,-70.70425,-12.444278
"24141","Inezia inornata",2020,TRUE,-70.8867,-12.284992
"24142","Inezia inornata",2020,TRUE,-69.20353,-12.579209
"24143","Inezia inornata",2020,TRUE,-69.18319,-12.653486
"24144","Inezia inornata",2020,TRUE,-70.8867,-12.284992
"24147","Inezia inornata",2020,TRUE,-69.20501,-12.58762
"24148","Inezia inornata",2020,TRUE,-69.22128,-12.585602
"24149","Inezia inornata",2020,TRUE,-69.197945,-12.60888
